A,B,C,D
0.498235831504,-0.566042547352,0.336430265899,-1.88070932138
-0.138181800147,-2.22124930114,-0.00868798183931,-1.73476837866
-1.01983195496,-1.90425619155,1.11454756617,-2.66031476946
-1.20877518201,-2.89440198207,0.377246560077,-3.26284644648
-1.79842006398,-2.82297220145,0.855574687019,-2.20002678906
-2.15496905025,-2.69780442053,1.02423261629,-2.8634135624
-1.81361580638,-4.19046506831,0.739542546797,-2.62302428839
-3.07500287242,-4.67571792301,-0.460052263127,-4.07318413162
-2.95837125557,-5.39743694649,0.0311764321266,-3.15927824552
-2.82421395234,-5.32703367669,1.39901198412,-3.24398003043
-2.85405104825,-4.64375831709,1.40399411654,-2.83800178003
-3.12881848744,-4.74174265951,-0.474597168754,-2.78429460157
-2.62363565461,-5.03322690394,-0.144395295298,-3.49840824022
-3.08788271696,-5.07164882421,-2.30304901543,-2.41742929439
-2.0465125435,-4.7929107473,-4.35760166609,-3.34691416908
-2.9419205936,-3.82619357666,-5.40023712445,-3.01422048588
-2.82208612423,-3.7881560244,-5.81809864422,-0.55359165559
-2.19102262587,-3.99236731745,-5.17753582909,-0.609212258516
-1.99286414377,-4.90016234311,-5.85258912065,-0.491298216929
-3.68189308413,-5.88527371184,-5.16739124569,0.635339462575
-3.5120283721,-5.09102310151,-6.92943698966,0.999705902942
-4.49209546263,-4.74232299061,-7.13097755764,2.27534247385
-5.30475873276,-3.16920633313,-7.84710546602,1.9045543672
-5.96745136525,-3.00695236087,-7.61502107682,0.520684418361
-4.71137319492,-1.50989492631,-6.66761403618,2.6576801832
-4.24184920497,-2.50433708029,-4.78851415517,1.533878267
-4.20844907389,-3.68775205039,-5.32333953734,0.250449957132
-2.0843070446,-2.94837713485,-4.75700120802,-0.702161223774
-0.0762639584901,-2.68437242657,-4.98083048919,-1.6634244132
1.52100623096,-2.69796280206,-4.96204082605,-1.40413796189
1.26914800947,-2.8916772116,-3.39401758382,-1.06161557763
1.24590189762,-1.83384086799,-4.3485043981,-2.00196016027
-0.50902002739,-2.72561488326,-4.93235085093,-1.45562121599
0.680909680199,-2.25147014466,-4.49938688599,-1.41767532901
-1.39879697795,-0.340216258479,-4.72806578705,-1.95327115182
-0.279625553447,1.39983407613,-5.35537819524,-1.58329974791
0.1005913315,0.347322325425,-6.46551664865,-0.238413115191
0.423219781822,0.326499872862,-6.89411148806,0.570259877027
1.15896241668,-0.297657622146,-6.49669185965,0.734373864573
2.26581192038,-1.96910956498,-6.46647690156,1.08419644058
4.12744111851,-2.15457239672,-6.48796075804,2.28577210823
2.40013727758,-3.7312561262,-4.44245900312,2.36901367685
2.26686871604,-3.13529953564,-3.36542785694,1.64628164993
1.79525024106,-4.28973560659,-4.07979711874,1.57706011379
2.37793161167,-4.06660547641,-4.47953300335,1.02964974534
3.08514148818,-3.05159032179,-5.19225367952,0.665367091531
3.09857307641,-3.35656330274,-4.85297567338,0.344068806417
3.36230937831,-3.52290889483,-5.86782220565,-0.164698589249
2.21269601366,-1.95305957764,-3.30453716152,0.463184419358
2.78761737436,-2.05996634135,-3.1177396584,0.24544514439
2.71008172435,-1.26388812118,-4.02294277569,0.418907067873
3.03682769163,0.197164835733,-3.52184253502,1.11054676772
4.48690220486,0.345526995193,-5.40844648771,0.349903853077
6.93289751708,0.919096257496,-5.04162021433,0.96926032353
6.53300559878,1.22630928491,-4.45107319991,0.182136221656
6.90620386955,1.79450872278,-5.61897177472,-0.917293492794
7.65010746878,2.32968183601,-6.86054257595,-0.493615916041
7.41128389589,3.30091492943,-6.68926673587,-1.85078179258
8.18565999305,2.64666482554,-6.05338861006,-2.86594239566
8.15658328303,2.67366778771,-6.67280269137,-4.02487012511
8.13623855462,2.33629860985,-6.97538468243,-3.96180577965
8.03846586344,2.96245001501,-7.34773961818,-4.28043039138
7.92498043645,3.21190628715,-8.82918782859,-5.07011810926
7.64544473048,2.9085413001,-8.75965435673,-4.84498835776
6.81686439783,2.71100975172,-8.55693017806,-2.87400887329
6.86860346038,2.60183979218,-9.4414645911,-2.60956395118
6.96675244482,4.22803902897,-9.54931481998,-2.09114721626
5.76696789838,5.3748705743,-7.58472610504,-3.66707963764
5.69914192426,4.90861992038,-7.73263454532,-3.30511296561
5.92394474714,4.09423991765,-9.89139394341,-1.93966261421
5.00332730663,2.57827287934,-10.1422669648,-1.78201619105
6.1912999357,4.95760793245,-12.5336185164,-2.07209295167
5.91343304573,4.8095240969,-11.1412658816,-3.50454115784
3.31660329593,4.68751288743,-12.1455233166,-4.2924867028
1.96869161562,4.79133858676,-13.6732370895,-5.847566254
2.3885499072,6.01228212063,-12.6259284709,-4.954233041
2.41904979068,4.70507521937,-13.4308704014,-4.83160493159
0.857856245359,4.60830275386,-12.4036614692,-4.31485713931
3.01724144707,3.92665049175,-10.3764715309,-4.52777385969
3.61607559977,3.63426989465,-10.8016908064,-4.17193808822
4.39644652515,2.99255612826,-10.4618731279,-5.15324103247
5.30888122489,1.31350228091,-9.64208311782,-6.25855629775
6.28180419976,2.33302455648,-8.57996274941,-4.1983245978
6.64861487104,4.36577987101,-9.62313166976,-5.5793939843
7.47450672819,4.15259011689,-9.26864087462,-5.3423234038
6.74482434428,3.4242759615,-9.04604474412,-6.22139990647
6.87207428304,4.66592798131,-8.70547086653,-6.20129485556
6.03023212933,5.71662350721,-7.33731803796,-4.99658365939
7.3478030722,6.97382199726,-8.25491008904,-5.13304211373
6.20214991468,6.89160707226,-6.18515739629,-4.57360423502
7.38856498969,6.6582421663,-7.14321023759,-4.04805611703
7.30412638904,8.54890925732,-6.57311702605,-4.83504381413
6.39686333482,9.5193035154,-5.40991623474,-5.96850612605
6.64990392212,9.39156333413,-5.80807278428,-6.49583021737
5.30683603839,10.6817916649,-6.08991067195,-4.23370272706
4.71530628995,11.9130268603,-6.13388720965,-3.78838162369
5.8941622246,11.9638312288,-5.18954981943,-5.40412685107
6.32238074555,10.4419620893,-4.67844575156,-5.9642989528
5.71226845886,11.024565067,-5.20271676232,-8.37916038565
5.36832448259,10.5860261515,-4.70688567752,-8.90739235257
5.72528273668,10.9445129798,-4.54033991842,-7.82721621534
5.92621774686,11.7506358217,-3.65197800683,-8.97737562558
5.69264477419,12.2369281004,-4.12126710679,-8.60351622694
6.69124386016,11.4345348077,-4.93407645556,-9.42745451397
7.45073389802,10.6017305547,-4.83803403422,-10.0626911245
6.85359499734,10.3874393163,-5.63125847618,-8.83380569977
6.90752426738,9.18142653971,-6.4433481459,-9.71463457196
7.04975478827,9.40450120473,-5.07230584437,-11.7291790905
7.45091539159,7.80718409785,-2.84482346384,-11.2034626922
5.36877223519,9.02193757758,-5.32737046714,-11.5344346215
5.51179349088,7.62417968188,-3.66074811666,-13.2332343008
4.7721907032,7.30861216139,-5.13224546822,-13.6039609881
5.75211168106,7.39895591176,-6.20190970564,-13.5824696875
6.8763219819,6.42799023091,-5.13873476093,-14.5334094549
8.57130931028,5.61654519462,-5.11744522033,-14.4905276555
7.9141938902,6.1546424595,-4.00700869991,-16.359419405
6.85153366805,6.4631684986,-6.27432037722,-18.7767312843
6.65206146377,6.04798530488,-6.82270705896,-19.9992947406
7.09527677048,5.42485953328,-8.33168164426,-19.4689027092
4.27973310157,6.25278818276,-6.49121497795,-17.787607078
2.35827587426,5.12731225764,-5.87189205779,-18.1620057522
2.15611275993,3.93136581705,-6.78673945359,-18.1906176621
2.0387741484,3.68404639935,-6.93774610845,-20.0955368479
2.6128517184,3.12858163791,-7.61996612192,-17.1764546848
2.82348445563,3.89612393558,-7.05097809673,-16.8306069209
2.78873307371,3.94133506777,-9.97468351162,-18.428791716
2.52300813598,3.94061684338,-8.87171967198,-19.4498481891
2.42981453589,3.98514050207,-7.20210311331,-20.6435072653
1.27272462057,4.1197529894,-6.33242857452,-21.197510249
1.47480696216,3.87356660957,-6.44704288428,-19.9819899547
2.08990610385,5.12180462564,-6.342595712,-19.3079839002
2.02147088668,3.74340898216,-5.69205278124,-20.1188664696
3.92099461798,2.46303471255,-7.16581426628,-20.9789097546
4.39742871842,0.827636390428,-8.37990013172,-20.740901076
4.97763842798,-0.490618011861,-10.1076373066,-21.9288468728
5.09869289006,0.51460438294,-10.4364845459,-22.6093091522
4.09264297246,-1.76745794971,-9.34940234457,-22.016828511
5.17449103142,-2.48617540644,-9.74706888791,-22.3755637637
4.15220244001,-2.18504289608,-9.31566474695,-20.8874622167
5.33805964957,-1.03751675972,-7.42734155621,-21.6454358566
4.61406210456,-1.04575199032,-7.01166281964,-20.8271307608
5.97985180514,-0.94530116624,-6.97905568717,-21.8074761939
6.52201997142,-0.347861873219,-7.90885558826,-21.5015855526
5.32273050466,-1.79975047196,-8.55948239189,-21.8041080424
4.94704467852,-1.3468595578,-7.47290371929,-23.7636636116
4.64502702962,0.159409812609,-7.41937489108,-23.7185829302
3.61644813011,-0.150770515361,-8.3500349083,-23.1909011583
5.39678496512,-0.2746234054,-7.97733212389,-24.3079499012
5.71757464095,-1.7020077595,-9.30727610917,-24.6079324767
6.21417410796,-1.61551367062,-10.3524287637,-23.5832471104
8.19247763334,-3.75425158707,-11.5175002248,-25.1702250146
7.75642682278,-5.15125306151,-10.6029344353,-24.1512234777
7.38673784555,-6.57728540058,-10.9966825523,-23.971477937
6.92230550514,-5.47080956554,-10.0302842916,-23.1142025982
7.6327529571,-5.97026235129,-10.8498874216,-22.7305199895
8.14172271413,-6.02136255932,-9.94344018542,-21.4478159803
8.71724808032,-5.57111340656,-9.8267349893,-22.0345226141
8.65151559836,-6.30762973165,-10.4477196077,-23.3675166431
8.50127846646,-6.4447801852,-11.451133848,-22.6432110588
7.10536587576,-6.50611875463,-10.9847391601,-23.4307358353
6.81722515113,-6.2963765319,-10.3859203742,-24.1726897838
6.3803596801,-4.90620888062,-9.82435218038,-22.8881351449
7.20294522634,-4.96680228832,-10.1566771734,-23.2237707456
7.57052902349,-4.85562138033,-10.5844587181,-22.9538305215
6.41664887132,-5.04267422338,-10.8215178306,-22.9804343908
6.52838589044,-4.27130808024,-10.3063238125,-22.6487489638
7.25291331758,-4.12535981709,-11.0338209842,-22.8929406389
7.57536176628,-3.59376233915,-11.1251443323,-23.4970364522
7.31615510886,-4.34410951362,-10.8379865611,-23.7206656626
8.5573070712,-4.29428435625,-12.279433169,-21.9495159469
8.02880194896,-6.02149729591,-13.7034782121,-22.4741021447
7.43810321993,-4.69627110526,-14.2361569427,-21.8644602936
7.37088909981,-4.91808701164,-16.2029112915,-21.5402282004
8.12652027552,-4.08628736056,-16.3873965507,-21.3715181028
7.73075517351,-4.88626880165,-16.6048838056,-20.2376997291
7.92454904684,-5.68053315302,-17.4272213063,-20.6933358328
7.23795523201,-4.87431171615,-18.8198105276,-20.7588855825
6.756079784,-6.86344474715,-19.0444652754,-22.2472293177
5.94747115369,-7.20947132942,-19.4173880381,-22.2137970115
5.90193491886,-8.2541176029,-18.8048176114,-22.1978509038
7.4151733772,-8.45512201729,-19.4140234174,-22.2925645375
8.19446022987,-9.01332742026,-18.8324474515,-22.7697272164
6.93001370354,-10.3415318342,-18.9181150032,-22.8938255394
6.34555971207,-9.58931178254,-18.8010598333,-22.462639583
6.79662140377,-8.97521047486,-17.7258669867,-21.8614526573
5.67423530227,-8.64356500528,-18.5605967784,-22.25240871
5.82783474029,-8.49384155105,-18.9250659928,-22.813652612
4.88739079634,-8.4605091513,-20.2995154927,-23.3393594932
3.74961529519,-7.91025500489,-19.5824093589,-22.8643485301
2.39610343947,-8.26553019842,-20.3156190951,-20.9204636105
1.77365528135,-6.89571651363,-19.8023697562,-22.3706421315
2.49348785155,-8.08728691213,-21.2372240084,-21.906798176
3.71938023225,-7.61738529459,-21.5474647079,-23.230894728
3.41563768746,-7.5957368071,-21.3654653949,-22.5952617164
1.44936381814,-7.1450888163,-22.5854308448,-23.8881713643
2.73801734124,-7.65765524827,-23.5834207563,-23.6620436585
1.88321197958,-7.04615054509,-25.0305709164,-23.453141752
1.51522453382,-7.21769257998,-25.3945565347,-22.8094910961
0.602071885638,-7.302599023,-26.5868359012,-23.6965692346
0.0591246830906,-6.69305509894,-27.4186390272,-23.9758740961
-1.87123660185,-6.48291146452,-27.9184569212,-25.2524644106
-2.28146432259,-6.26071964701,-27.960814168,-23.6442425125
-1.07486181139,-7.8529796998,-27.6484909356,-23.1385134617
-0.197673417314,-8.09779058352,-28.2219027181,-23.6201526204
0.116489713149,-6.40169930559,-29.8163601619,-25.0023989434
0.193444545847,-6.06907069805,-28.5541132678,-25.0515536471
-0.302326452898,-6.57811685054,-28.9187914015,-24.7261198658
-1.23126890799,-6.72688177368,-27.7980560561,-24.2501587751
-1.11464979615,-6.65637727386,-29.6007863991,-24.4473828007
-0.0129604597626,-7.71181707752,-28.3778753779,-24.2305546067
-2.16759492922,-8.05766816013,-27.9077513027,-23.6098190369
-4.10339237853,-8.26393224427,-28.3462692031,-23.7893810965
-5.1122843723,-10.2383225089,-29.3030451107,-25.6445754074
-6.35306109301,-10.316434242,-30.5084364611,-24.629360159
-5.38084228593,-9.58722778566,-30.8191207989,-26.6881936836
-5.48477824469,-9.16407581189,-31.7912973675,-28.3251517658
-5.24690085299,-8.09493979758,-32.4085376961,-28.8299893025
-4.69038790657,-9.45749080504,-34.1812359944,-29.5675384338
-3.79565114602,-10.5470187319,-33.9647373435,-28.6864911165
-3.52796909509,-11.702746787,-35.9655183639,-27.4315565689
-1.6350053323,-11.4779496418,-34.198414263,-25.1452772294
-3.06927727088,-11.4535509374,-32.7617819587,-25.4250961756
-3.0782769705,-10.0635488666,-33.5855615938,-25.7940800343
-3.0609651716,-9.61965082286,-33.8667312086,-26.1645936382
-3.02790725205,-6.50305488812,-34.246703416,-27.1076788392
-2.61228046421,-6.02442826754,-34.0863006154,-26.3420960279
-2.25394125177,-4.25202519943,-32.319591516,-26.7698902578
-2.90990283238,-4.51528817258,-33.3987209407,-27.2023873995
-1.97563019397,-5.33418423519,-34.5338449977,-25.790793693
-1.83297720339,-4.98297726446,-35.2135754374,-25.4124925828
-2.43444256704,-5.79197108975,-34.0757125076,-25.9101304431
-1.29824395866,-5.6830089356,-34.0735197138,-26.2735093766
-1.79839875297,-6.11020711368,-35.1185045097,-24.3525732948
-0.525948917982,-6.12354444036,-36.2831166188,-25.3974615463
-0.418383468143,-6.2228208398,-35.9639261426,-26.015965667
0.0268411715586,-6.18601739372,-36.1392616391,-25.7211736467
0.00152172238795,-4.97853316199,-36.8288063135,-23.9076827986
-0.461341775326,-6.30424961522,-35.4077224776,-23.8478553492
-2.07248104514,-7.70362891378,-37.3307618946,-25.045086662
-1.47358489717,-6.49072738169,-37.8160758315,-25.5756870664
-2.85381105234,-5.22353846577,-36.8752991715,-25.0202336797
-2.86299264921,-3.21830522904,-37.2204877021,-24.8968477598
-1.4006161092,-1.68886020136,-37.5831728622,-24.6999669164
-2.67621424798,-1.41438742563,-38.2125008464,-25.2025389632
-4.00834776885,-1.76661331047,-38.7264375343,-23.9792260371
-4.78591798249,0.138647291292,-38.8468723199,-23.7560797571
-6.26459679559,-1.22475013839,-38.7574223048,-24.5786436246
-4.64716886581,-1.49910481611,-38.1367802577,-25.8090750497
-4.21830506126,-0.779981909704,-37.4971911641,-28.7245085068
-5.1169557038,-0.135031751815,-40.3896671474,-28.6559943404
-4.93958343272,0.241608966332,-42.0232350285,-28.4588709565
-6.72051268076,0.0275550554219,-41.9778857439,-27.3322231896
-7.91267739493,-0.210417740877,-41.0234714799,-27.182990555
-7.25744122423,0.444053098369,-43.0106655981,-26.5286148352
-6.83703944061,2.5191919283,-42.6783301078,-25.9932077919
-6.90409335477,2.44611023909,-43.6568567543,-26.9416307565
-6.71335877082,5.71022989408,-43.5220507866,-28.284677426
-5.56569777225,3.92186888346,-43.6459457573,-29.9051446082
-5.68165759493,5.09288223608,-45.3228575161,-30.9710799117
-4.50424740293,6.12015285202,-45.5061692498,-32.7488162244
-5.38482409823,5.11333213387,-45.1169938024,-32.7576210925
-4.42378416524,4.49083414215,-45.2274034561,-32.0679853882
-4.35531341225,4.63046384311,-45.999115873,-31.3843757392
-3.69669501031,3.97426357885,-46.2135289632,-31.2834814205
-4.55743817108,4.68897690313,-46.3221195537,-29.3464475797
-4.75815009465,3.41848976976,-45.5786054911,-28.4531954722
-4.53295354792,2.81477771493,-46.2777860698,-29.9686607645
-4.81949347609,1.39878691609,-47.2740018238,-28.7819027527
-5.14109996402,0.8668849428,-46.0903824271,-29.3988055092
-4.52794090781,0.478201364881,-45.8556076619,-29.5661904895
-4.49726363614,-1.31593034313,-45.9728275973,-29.923445325
-5.47843544721,-0.025288354943,-47.7119923905,-29.0554351882
-5.58644154232,0.291289681245,-49.4483477673,-31.5490803889
-5.7618363252,1.58548197259,-48.3468632355,-32.0651847729
-4.75561432989,0.246383745064,-48.8343670977,-30.4618790534
-3.33574055104,-1.83316942891,-49.7929773643,-29.8406575022
-2.93010296468,-3.22079571834,-50.3639738734,-29.6070644428
-2.31983401981,-3.54495501803,-51.9679786465,-30.3758090074
-2.96938096184,-3.52274419408,-52.2965980476,-31.1848225958
-2.5256209407,-2.14123749964,-51.7953057878,-29.7636327132
-3.3954147627,-3.08588479599,-52.2538091575,-29.3384342987
-3.60628898036,-3.76497504387,-52.9693499846,-27.4819398554
-4.38525552029,-4.75644853777,-51.8893779704,-27.3870020827
-3.29566946068,-7.0971439922,-52.8228933261,-27.6301841812
-4.46843537864,-8.66057141921,-51.1226103528,-28.4487929767
-6.48293248318,-8.33908213017,-51.6125759613,-29.5705132409
-7.53705851358,-8.33947582838,-49.9122752029,-30.1037192505
-7.71125458227,-7.90722272384,-50.0292419172,-30.3766382672
-7.8802203366,-6.02484952118,-50.3147175481,-28.5940941973
-7.74723971018,-6.99614223103,-50.7467823442,-29.5054079975
-7.60942382314,-6.90575206877,-51.1216744563,-29.6567368211
-7.79820343923,-6.51881333412,-51.7774436681,-30.0599367978
-7.05289592523,-7.20727142764,-51.3640249835,-29.3585424188
-7.10850188736,-7.77263583178,-50.4796219752,-28.9609113631
-7.32723315413,-7.05493031256,-49.4584995736,-28.487843058
-8.11902652689,-6.02679129038,-48.2445339836,-28.9194676067
-8.73563217111,-6.65308177114,-49.1647174629,-28.211402494
-8.81280065959,-7.51461055935,-48.2616851221,-28.8063632185
-9.88981103149,-5.6399537694,-46.8023376862,-29.9642827011
-10.9457542265,-6.655781366,-46.185822552,-29.9985381008
-11.9799917996,-6.81973989119,-45.4193178673,-30.4871167691
-12.8198816704,-6.69160330997,-45.0917069533,-29.0932630657
-13.1356643447,-6.74555556912,-43.5084062247,-30.2682823642
-13.6929496494,-5.90437732822,-43.6702825773,-28.7651585184
-13.8823943452,-6.00471275557,-43.2340889781,-29.5218769659
-13.5756961209,-5.33770016879,-44.5428315289,-28.751455635
-13.278623035,-5.12869646084,-45.2767658753,-28.221625797
-13.1581192081,-3.64808911791,-45.3650500764,-26.8142055592
-14.23766478,-3.31842556579,-45.0354405215,-27.8347046473
-15.18691459,-3.75768221881,-44.6815111032,-27.76096555
-15.5333942086,-4.46582027047,-45.1603202998,-28.2058805098
-15.9634370072,-4.21473402122,-44.804779763,-26.6436705237
-15.1820981261,-2.73172141544,-44.5646640517,-27.9301737749
-16.5145889497,-3.72227433412,-43.993573844,-28.1758185491
-16.2864985427,-1.99615437115,-41.8571826324,-27.1464617227
-15.5942695421,-1.31520738316,-41.6705789061,-25.94947904
-17.0390247625,-3.44057937543,-40.3349591592,-26.0959016639
-16.0827461471,-4.53156547032,-39.7598442919,-26.9778913787
-16.7406726523,-5.87733657336,-40.3066603212,-27.344171719
-17.5206776253,-4.82306832706,-39.7146825153,-26.5577014838
-17.2240208567,-3.65820745869,-42.0186586426,-26.6949707746
-17.8699867274,-2.4662528839,-41.1875327333,-28.7185496676
-15.678967677,-1.52778487756,-42.1717038133,-27.9972747948
-16.0167526965,-2.49907140097,-41.7923604435,-27.1995562203
-15.2552392497,-1.79661932716,-40.364754341,-27.4962296904
-17.4804873955,-2.21816917278,-40.7072496043,-27.2558408287
-16.7529714239,-4.22557078073,-41.9114377095,-26.7071872273
-17.6633569991,-4.56312058457,-41.161817919,-26.7672426714
-18.9677780073,-5.05927232955,-41.3183112615,-26.0180798035
-18.9095179494,-5.97199338636,-39.7066468323,-26.8244777902
-17.3964433858,-7.3120759927,-39.0212243871,-26.1680420828
-17.0929177025,-6.04586469563,-38.9916198769,-26.7360748269
-16.8908030333,-5.64712472806,-40.994627458,-27.2199089123
-17.3006617618,-5.40234491415,-41.5891426588,-26.1218440513
-18.3299979784,-5.65796412062,-41.6860138098,-25.8951616638
-19.4007210148,-6.60730337386,-41.0739315629,-26.4910160793
-21.2372128509,-7.74397667013,-38.8854608403,-26.744751772
-20.5029488999,-7.72672555143,-36.9201308844,-26.3271295099
-19.6106744734,-6.60627440421,-36.4263054741,-25.3701279417
-20.5883954019,-7.08921749952,-36.8913171712,-25.6955877427
-18.2707837233,-7.26083668971,-35.2496436332,-25.1120495296
-18.4724807367,-6.95306485989,-36.1858377104,-27.1062389685
-17.2152370141,-6.24568644745,-36.3408852665,-25.9679231521
-17.0949662023,-6.89197057981,-37.901586081,-24.9492468199
-18.2572533669,-7.14498016146,-36.1752248111,-26.0223450086
-17.6812870929,-6.6540515047,-35.7305041554,-27.0415261861
-18.5535105902,-6.48116722216,-36.3305978472,-27.2673958785
-20.0311794192,-6.42045402831,-35.7520135603,-28.4569002774
-21.2450080761,-8.58458970084,-35.3451255154,-29.2537943166
-21.3113171244,-7.44190996599,-35.8272593264,-29.0655694072
-22.003382806,-7.42925362781,-35.8291325441,-30.1766021253
-20.3807103065,-6.86183092679,-35.5433583708,-30.828788731
-20.5831454873,-7.27713520428,-36.2837222994,-30.8500742672
-19.2035652069,-8.851246346,-36.8443461477,-30.8852802969
-18.8383104801,-8.46205150117,-38.5773192741,-30.4097631167
-16.9534863874,-8.1825191988,-37.9505096138,-29.4559222111
-16.6192823984,-8.84655002791,-38.6361021072,-31.0285284232
-16.0575485106,-7.42090824467,-38.1143448389,-29.6404128494
-16.5303602986,-7.69280308337,-39.4026666251,-30.4619049444
-17.0074207606,-8.08398226686,-38.7540266163,-31.2896938915
-17.7141581385,-10.4743299133,-38.2980975039,-30.616991431
-18.661622769,-11.3372967915,-38.1386114787,-31.4424891932
-19.1110194954,-10.3722794328,-35.6346961265,-31.8873935307
-18.8893789282,-9.91656632053,-35.3869198197,-32.4686422187
-20.3015473919,-8.90942932612,-35.8295295874,-32.3907774585
-20.63634072,-9.36506966823,-35.0067743237,-30.4617789547
-20.954821922,-9.77181850198,-35.1339141013,-30.5562267262
-19.9618583637,-11.1827076721,-35.9746758756,-29.7335005173
-19.3415186279,-11.2864098903,-36.9303158709,-28.6582277085
-18.5397343882,-10.3038573551,-36.6227992878,-29.8883012756
-17.2104392013,-10.580055072,-35.0293206593,-30.1866546032
-17.3156596239,-8.81814605429,-35.7502184359,-29.0633645225
-16.8905089156,-8.37941436587,-36.7309674559,-28.3894302764
-16.8807117666,-7.5893288442,-35.5856916034,-30.0030612547
-16.8439597518,-6.76806492394,-34.7430407138,-31.6989633434
-16.632806222,-4.26480639211,-34.3190816121,-31.5904049352
-15.2377238327,-4.77968696891,-34.295619007,-31.26526643
-14.3309948104,-4.08490659425,-34.0004113619,-33.1767377147
-14.0845068977,-2.95878911202,-33.9429305172,-32.3821860605
-14.7715326697,-4.05732175001,-32.7214258288,-32.1223784191
-13.8216023245,-4.74182778867,-32.9361763384,-32.6543874116
-12.4250915928,-4.21900138637,-32.6248105939,-32.5934872607
-11.6419682046,-5.39377077108,-34.7443411543,-34.5278524521
-11.3216663471,-3.99801852733,-34.3812059396,-34.00294538
-11.6655039211,-4.74064449716,-35.1239114853,-34.9637691502
-10.9189756954,-5.65135576252,-34.5854250302,-34.3616796018
-10.3396334962,-5.23326813433,-34.4655358215,-35.0450200982
-10.3058227311,-7.85575771614,-35.718022355,-35.6449699079
-9.81076848039,-8.07935125327,-35.0082237331,-34.7414419807
-8.27081258493,-8.72677578034,-34.9595680216,-33.2626242557
-8.29407313999,-8.61772061862,-36.1404741208,-32.71256081
-7.71366453806,-9.55276993089,-38.1397761381,-31.2568785025
-6.24162024646,-8.74098800227,-37.205149125,-32.5126344171
-7.14201612258,-9.5409671141,-37.784170659,-32.0571688705
-7.6207945102,-10.0387188401,-36.7019329232,-31.5886508265
-8.83379290292,-10.2180899367,-38.0107879027,-32.9567816118
-8.9850727411,-11.1002378882,-37.8551693063,-32.4441441124
-10.0630178121,-12.1332637615,-37.508880642,-32.841605983
-11.102391732,-11.4173766442,-34.5789373348,-32.1409315502
-11.1588827816,-11.6354116837,-33.8032262432,-31.2647592808
-11.4724326395,-11.944548816,-32.7302204209,-32.4621036524
-12.1180244074,-12.8981836029,-31.9590465296,-31.9282563066
-13.1727514278,-14.0160061704,-33.8537930637,-31.4968906334
-13.3298997535,-14.1120986484,-33.9287556679,-30.9233942183
-13.1384034989,-12.7548340828,-34.2421289295,-30.9567974004
-13.2241565181,-14.6752039815,-33.4211110062,-29.8550535103
-13.4563407894,-13.8943644501,-33.5073004201,-28.9506026119
-13.2414334312,-12.6295610141,-32.9569432773,-28.2402003743
-13.9147781346,-13.0530962893,-32.3052898437,-28.2760831744
-13.752370986,-14.1232956957,-30.3899190593,-29.2285917568
-13.1774102687,-14.9321262492,-29.4764617107,-30.6322780168
-12.3721205014,-13.8850466455,-28.679716682,-29.7399712459
-12.7054326137,-13.1927283788,-30.340429993,-29.4796069287
-11.1986312752,-13.4646227655,-29.8335579132,-28.4163042679
-11.891844097,-13.5882557855,-29.0476421154,-28.8257771176
-11.729106919,-14.5972159772,-28.8913807747,-28.9644086224
-13.0888928645,-13.279420529,-29.260458948,-29.165016543
-14.2036913317,-12.7646239522,-29.40117159,-28.556325179
-13.6704777817,-13.0043712953,-30.301855224,-29.7115081964
-14.0470666376,-14.9876716019,-28.360835054,-30.6236590166
-13.3853995961,-15.3474051258,-29.3591210481,-30.0176550303
-13.5814014925,-16.9458375148,-29.2338759526,-29.2038426557
-14.0635463137,-16.013646028,-28.8888790631,-29.138536387
-14.9762730257,-15.2995568558,-26.5808052226,-28.1717922368
-15.7872367845,-16.2614436395,-26.8525514169,-27.2993122565
-15.7629572068,-17.4903501545,-25.0092440202,-29.3685261342
-16.3171172991,-18.8538403804,-24.9709745212,-30.2168582139
-15.581686601,-19.8603325198,-25.4950541196,-29.8724381326
-14.2632551306,-21.039891808,-26.0304054018,-29.037123942
-15.0241109944,-23.4476856853,-27.3678492965,-28.3028034509
-17.0378419202,-23.4187481744,-27.9533292635,-28.2496607052
-16.2472940576,-23.083585184,-28.108117786,-27.9160926407
-15.9481270995,-24.7237722453,-27.6594644795,-26.8928672013
-14.7589995239,-24.0561291159,-28.0077297741,-27.3520289612
-14.8194069733,-24.2735500593,-27.2324237327,-27.0047455202
-14.6035849516,-24.8973382782,-26.3261790042,-28.9549130832
-14.1844621209,-24.9443610582,-26.411923625,-31.4614983295
-14.8558413822,-27.2342485094,-27.1246669701,-32.0788429299
-15.6318654003,-26.9422822613,-28.0071138584,-34.440170037
-14.7362025855,-27.2883127396,-27.9594922533,-34.363817904
-14.6932009214,-26.4074888347,-28.7086837008,-34.1612078333
-14.1672486587,-27.6326026757,-27.3387591525,-32.4551045792
-14.4187170669,-27.7886308908,-26.8290925065,-31.2146757652
-15.0253519726,-29.8999408118,-26.3223644408,-30.2083505348
-13.9610895977,-30.5492526303,-25.8595234272,-29.4071152301
-14.5460551132,-32.2344753848,-27.0263474068,-27.7084616619
-14.9168775772,-31.6372827841,-26.2670032727,-28.4167312177
-15.6548889205,-31.8618725126,-26.9000755174,-27.5138855854
-16.2259257694,-34.4366871513,-26.2239884988,-27.8231964359
-16.9225967424,-34.6467829274,-25.1024365097,-29.5669050979
-17.1762392042,-35.6601906088,-24.9878356082,-29.3195005134
-14.826995373,-35.6845694385,-24.5720174957,-28.6291022499
-14.6263905114,-34.2416308983,-26.5456147275,-28.3698656364
-13.2277274827,-33.5848048678,-26.551112717,-28.962986337
-14.5403321808,-33.3755027864,-28.3103872062,-29.223807257
-14.9788009395,-30.88278179,-28.7095644216,-30.5182295754
-12.0350630906,-30.1091926652,-28.1310712307,-29.3716675279
-10.4705205903,-30.4049295376,-27.401200398,-29.1868922381
-9.26815012646,-30.5411027609,-26.0707940422,-29.3686575388
-10.0432288644,-33.4151092645,-26.0432764384,-29.4907402552
-9.56618607388,-33.0358254778,-27.3954644,-30.5836881048
-9.28513997668,-35.0759603192,-25.9163400447,-30.7027093137
-7.66583404743,-36.7525337297,-26.036535618,-29.8252564851
-8.79930368564,-37.7779005687,-25.9375629625,-27.3053063037
-8.93108263233,-37.9934315365,-25.7680198645,-26.9395081957
-7.68095376737,-38.8297621116,-25.6275705571,-26.6025415928
-8.35665118797,-39.5142532623,-26.1277765631,-27.9619025933
-8.13683115039,-38.9810090226,-24.6496060649,-28.2756852733
-6.73342559711,-39.5642322675,-24.6191493351,-28.8283356906
-7.9172038484,-38.8273520036,-23.9170268417,-28.7990643231
-7.37450534443,-37.4102277721,-22.5719741932,-30.1488863352
-7.409410357,-36.5572918993,-24.232244445,-30.5739995395
-8.2895736631,-36.3837137613,-25.960942823,-30.830128692
-7.55814364074,-36.6618920683,-25.7149521917,-32.0118035286
-7.09843695028,-35.5375301694,-25.5587485221,-33.7155983054
-7.36346026217,-34.787319093,-26.3313217965,-33.8756556256
-8.02318100214,-33.345733949,-28.1560190504,-34.0629679571
-6.84219258658,-32.8740836372,-26.9752419254,-34.6207744275
-9.08411849405,-32.5580083212,-27.0643916518,-35.3021988475
-9.80622468177,-32.4577049512,-26.8047779196,-35.2457308257
-10.1691431893,-33.6271636335,-26.7419584274,-34.1889623546
-10.6970362471,-33.9626067997,-27.3675389213,-33.8661850661
-8.66083498112,-32.8110070649,-27.7671646777,-32.956000745
-8.94895452259,-31.5930340435,-28.1309585059,-30.8285225457
-8.01576656787,-30.4538543574,-28.2467491521,-29.659547052
-7.48134144748,-30.9888604781,-28.3393033994,-30.8338908373
-6.90920535249,-28.9468113498,-29.0274808255,-32.6353995114
-8.3972128263,-28.8479592433,-29.7575951507,-32.8001990285
-9.55969826701,-28.9571210569,-29.1597570302,-33.3717814626
-8.23823152293,-29.1202321539,-28.9264444916,-35.0938388845
-9.89453500208,-26.69431635,-28.5796581604,-35.3675016031
-9.36330902733,-25.2369901382,-30.2551037584,-34.1094102428
-8.55556053185,-22.69980488,-31.0679335896,-34.4719449508
-10.8409192335,-23.2995308532,-32.8926652673,-34.3512277291
-10.5099882541,-24.0877974038,-32.6352885529,-33.9661074545
-12.7276785909,-24.0320833225,-34.5146376571,-35.8141109962
-12.882651249,-22.8899460815,-34.535483128,-34.980891047
-12.1081896003,-21.8906438001,-33.5001123945,-35.714292709
-11.8542204789,-23.166536341,-33.0115215507,-36.6091396518
-11.2883639163,-21.4216968357,-33.4306882267,-35.7816051894
-12.5674194551,-21.9080756568,-33.525781713,-34.5215234828
-12.5949534582,-22.0935829899,-34.1187610018,-33.4089224584
-10.746539315,-20.1966148349,-34.2348664317,-33.2103188855
-9.17267325798,-20.3171876016,-33.2590543701,-32.5974611827
-9.49134925801,-20.3446086635,-32.2589449253,-32.3479456936
-10.0403002243,-20.7077337824,-31.6568023549,-32.4498626083
-9.68214897284,-19.9466712701,-32.8287663254,-34.0061318393
-8.80391573418,-20.689338851,-32.4779174086,-35.4823446485
-7.94088275711,-21.5905570304,-31.2733858436,-36.6889198893
-7.53850802865,-21.5724271384,-32.8781102248,-36.4923192721
-8.09499360408,-21.3513734982,-32.9301335647,-36.7220342344
-6.20430778503,-21.2964043945,-33.515130074,-36.6503047492
-5.82460051672,-19.5455524168,-33.5396750894,-38.1981540021
-7.10788202659,-18.785096728,-32.9115940498,-37.1446579687
-7.22603652378,-18.8181922923,-34.9172010319,-36.3344210771
-8.10099529573,-18.9301686813,-34.259454908,-36.2765698738
-7.94175583862,-18.6133411659,-35.9464228667,-36.2539956405
-7.1102058865,-18.3737601305,-34.9859442362,-36.9251721173
-4.89358672763,-17.2808599946,-34.7982447805,-36.5451931328
-4.24645204925,-16.0934024078,-33.9883993613,-36.9481858497
-3.94628169235,-15.651390841,-35.8161191274,-37.3294932278
-4.23415053546,-15.5851824011,-36.404023906,-37.1453690684
-2.86590800932,-15.3667648209,-37.837396378,-36.4072639637
-3.21389185575,-15.5330568199,-38.6011376555,-36.4925441102
-4.15750069239,-16.7005247026,-38.7566891729,-38.5900450765
-4.00541424934,-16.281257118,-38.1900192902,-37.6987725032
-3.85195782415,-16.8085616651,-36.5690976686,-38.5793716848
-5.13715739302,-16.5612633858,-33.6885515349,-38.1539709802
-5.06240396171,-17.1001547218,-34.4064961237,-38.4482242189
-3.92428878796,-17.251343377,-34.3385488297,-40.5568002969
-3.18196979943,-16.6060720209,-34.0689741981,-39.7304821933
-2.92132469007,-16.7082172788,-33.8726678885,-40.2250217836
-2.7331890965,-15.3624990756,-33.7012852408,-39.476674825
-4.19718768477,-16.2314147202,-33.2254093534,-38.0193182813
-3.9949663031,-17.7048885229,-33.0972137679,-37.8276499596
-3.36330753287,-18.4183459521,-33.4767818866,-35.3513437201
-3.82720973352,-19.6798461166,-33.2531961285,-36.4677083659
-4.47143007419,-19.7471473876,-33.8712816311,-37.0650477444
-3.04038162694,-20.3341416182,-32.7891860494,-35.5071104465
-4.49366243624,-18.7688919659,-31.7308262919,-35.6239994106
-3.51598079103,-18.1840593357,-31.5249916426,-35.8087829019
-5.43430660848,-16.7469520705,-33.234447365,-33.9830853115
-4.51013798397,-16.420045086,-33.8658302379,-34.7734679474
-4.8265058622,-15.0492738319,-34.8223877602,-36.1235535437
-4.8228197917,-17.2095040809,-32.1921628101,-35.98847444
-4.04813455725,-17.0785181622,-30.477118176,-35.0301529996
-3.20452174426,-18.6182983976,-30.1018712827,-36.4715926566
-4.22629489009,-19.7968399429,-30.5789135745,-35.1423356585
-4.38272696831,-17.4433614925,-31.6246792836,-36.1918551242
-3.87859508476,-16.3522272949,-32.9208148942,-35.5788533684
-3.10079443708,-15.38181867,-34.3959473173,-35.5622035891
-3.62743156389,-15.6414054343,-36.1441325592,-35.6623537788
-3.30206542541,-14.3660951633,-36.2912076118,-36.0420100648
-1.47709516467,-14.1265427646,-33.9771844736,-36.7332212963
-3.04903378676,-12.5146520151,-34.0703356042,-36.9884229337
-1.19468333561,-12.4857577609,-35.1936994036,-36.0261772187
-0.78311061721,-12.5060570616,-34.7301833041,-35.004893701
-0.270845135502,-11.5295049168,-34.4109996656,-36.175944968
0.912834170444,-10.3801459961,-35.7280195057,-37.4346906091
0.440917840656,-10.3626144259,-35.1846703603,-35.8600029222
1.60808943698,-10.0383158985,-36.2559324132,-36.794700406
1.05779953302,-10.1503440788,-35.3215857255,-35.730410495
1.48526742888,-10.5089783441,-34.5708109849,-36.6955898696
1.87254602624,-9.4078754573,-34.4293923801,-37.194791311
-0.0762263191318,-9.45221291915,-34.6658400197,-36.8769765248
0.7186246214,-9.57172495616,-34.4332141065,-36.188061237
2.07633772481,-10.0046975618,-33.2435582234,-34.7790052448
3.59414463623,-9.44937645631,-34.4365582416,-36.5326983459
3.38113515918,-9.66497556936,-35.14495941,-36.3838788742
3.40881889216,-10.020597845,-35.2173379754,-35.6105077136
1.58003998334,-10.2730497126,-35.8504556958,-35.8211666001
0.579493737882,-10.2346404169,-37.4522352075,-35.3836951062
0.227719686604,-9.54561964458,-38.8790043488,-35.0308216141
0.0519713805466,-9.66180889525,-38.4307312144,-34.6326408569
-0.928296898685,-10.1642359187,-38.7719256759,-35.0884152127
0.150126763696,-10.0607692,-36.8200209852,-33.495049872
-0.492084564157,-10.2654096644,-37.5036101949,-33.4359059771
-1.42383973716,-11.1238440606,-37.5804482494,-32.7357623616
-0.251498912224,-12.6870128321,-38.0195879068,-30.4240502671
0.359465280619,-13.3824113338,-36.6635613095,-31.2796770808
-1.50772533091,-12.5523726577,-37.1954264188,-30.4856179052
-2.1074424622,-12.8731806463,-38.5524187809,-29.4888593329
-1.70641476602,-11.9191493999,-38.7224235588,-31.1082235024
-1.0921660637,-11.825941007,-37.947178719,-31.9560106879
-1.36980316006,-10.722564638,-37.1846069655,-34.1321445509
-1.52076284756,-11.2348094059,-37.7395201506,-33.6198043936
-2.22828620957,-10.7256812026,-39.3231956336,-34.1073335525
-2.17112445466,-10.0766583894,-38.7543390888,-35.7822732887
-2.73130703819,-9.73901123713,-38.8014151781,-35.9749204006
-2.89248215413,-10.0865977048,-39.1015185455,-37.2360032125
-4.06875010681,-9.87739718577,-37.5380372237,-38.5487761546
-4.3577314081,-8.73432828083,-38.0377661729,-37.8078919616
-4.14511646947,-9.38252843389,-37.6575505236,-38.9687455438
-3.57379131215,-10.3113191587,-38.8660817271,-40.2415265396
-2.25132723049,-7.81011217752,-39.0979276945,-41.2725206042
-1.68917799569,-7.70623058743,-38.7970867517,-40.506645078
-0.997232459199,-7.7186997707,-38.7178388267,-39.92780632
-0.994250350516,-7.42386537892,-39.3158523093,-41.6476205376
-1.7494609141,-6.57862149376,-37.954144353,-43.573432482
-3.41813387681,-6.16878536772,-38.3956979234,-42.9082819123
-5.84229917297,-6.03943528548,-38.9257342149,-42.961138569
-5.62946731979,-6.24086979045,-39.2240251909,-42.0178792778
-5.57545004405,-7.01448743099,-38.5464624728,-41.608779633
-5.18283141081,-4.17438620515,-39.3129748347,-41.6257345071
-5.03144405736,-3.36998965322,-38.2977974612,-41.8233409044
-5.50026760795,-4.35577184371,-38.6124802779,-38.9081426576
-4.9682757018,-3.10171084596,-38.0791819812,-39.7133465857
-5.3832552736,-4.03830352732,-36.5342065328,-39.0322220711
-5.17020392667,-3.40895070825,-36.2146528369,-38.7650502877
-5.07987568126,-3.11471594673,-37.6538050058,-38.6101335435
-5.82684193811,-2.74396685833,-38.3027120204,-37.8121076841
-6.65217850165,-3.48320364207,-37.1415198337,-39.0220859847
-6.3288711653,-1.320726506,-37.3584079887,-37.0875086116
-3.45025680444,-0.0673134561193,-37.4204231098,-36.2736334987
-3.63600151409,-0.573219830398,-38.0148424066,-37.1435512943
-4.4539355187,-0.55396776011,-37.7764476663,-36.0358598942
-3.54279591075,-2.22257960659,-38.3179300205,-35.3491636312
-3.54763780777,-1.6636711564,-37.8380228424,-35.9762896272
-3.43822093389,-1.73488436103,-36.4345565999,-36.4697713641
-4.7251851253,-2.44631593227,-35.443040482,-37.127083004
-5.90407007794,-1.80665484154,-35.7455952123,-39.6980093351
-3.62666305707,-2.68980216078,-35.9573216039,-41.194830521
-4.04475430714,-3.1880303558,-35.4072657377,-41.3414835694
-5.0245489574,-3.31545116991,-35.2403440163,-40.9036563062
-5.58391741325,-3.60921471178,-35.1397341944,-39.4117990681
-4.21753603655,-3.40665081411,-34.5989910652,-37.8428077993
-5.29952120511,-2.72590307726,-33.8418419749,-38.1447210817
-6.0217672447,-3.71783875875,-32.9827674272,-37.079850847
-4.86271644037,-2.69475606529,-32.7583106943,-37.781318056
-5.86035735238,-3.11909075342,-32.5087904954,-35.9501296519
-7.01112520904,-4.35229161489,-32.2415369584,-36.983345981
-6.17829074584,-2.77499165443,-31.3435021275,-37.6924223284
-7.81574321774,-4.23065773303,-30.7888044868,-35.5893883261
-8.17322915011,-4.86851298224,-30.2665418995,-34.8168779936
-9.07421199413,-6.00445347009,-30.5902558266,-35.0225873181
-8.99229527147,-7.97124292661,-29.4523194198,-37.8223658541
-7.11581929941,-9.29005875501,-28.5352803139,-38.5342849475
-8.02167446274,-6.88433252931,-28.7902001444,-39.4457740853
-7.64327744101,-6.8493490371,-28.8178089538,-39.0262112772
-6.30092868761,-7.29426958173,-29.5059263414,-40.3159480302
-6.00685715892,-7.23159743299,-29.9102544994,-40.0032001929
-6.21925319792,-7.02183536627,-31.311802573,-36.8684469733
-6.03183046783,-6.46609201546,-31.2521969307,-37.616649905
-4.43361860153,-4.51653966221,-31.6117590095,-39.2248420581
-4.48633106005,-5.0146997719,-31.4206888191,-37.8963235103
-5.06966036625,-5.63253456132,-32.1377348654,-37.2006752845
-5.32789912002,-4.36335046901,-33.3929449075,-36.1478148669
-4.78906789281,-5.77472544704,-33.6796713176,-38.1131848689
-5.29570175894,-4.13602942367,-32.5151228453,-36.0528787612
-6.11050213217,-3.11305833051,-32.4150461004,-36.8457576984
-7.62956693787,-2.93985541262,-33.5042776583,-37.5404138336
-9.1167094288,-2.40022561878,-32.2115614536,-35.9774344243
-9.30426186961,-1.20882686308,-32.1637488887,-36.6957435894
-9.15376601357,-1.78716786437,-33.1945659174,-37.1656664684
-9.79519164539,-2.97270383934,-33.9431088137,-36.6888862226
-11.716333293,-3.55188777545,-34.8259338549,-36.7438076436
-11.4605919073,-2.22025601108,-34.0791552119,-36.2360853134
-11.9528671045,-1.91228754752,-34.3256769512,-36.1440026473
-11.6396603194,-2.80361854346,-35.5538146235,-34.8403537543
-10.6384393804,-3.11678569012,-36.1418569044,-33.5519465148
-8.62885280028,-1.76721765587,-37.5327396752,-35.541352459
-9.97951319584,-3.46635259259,-37.6410396758,-35.4869830342
-9.87325507291,-2.36096480568,-37.2976342412,-35.1685963922
-10.2455043129,-2.23967120041,-36.2829124946,-33.8065176969
-9.7452039883,-2.91492933397,-36.4677998556,-32.7195486508
-10.4105820634,-2.99810324066,-35.6843822886,-31.8453019328
-10.4872925419,-3.88391300152,-37.644920724,-31.5360402226
-9.43860644459,-4.20157907763,-38.2452049133,-29.8457521867
-9.81015631309,-4.32392588342,-38.8764831475,-30.6435057698
-9.23238015321,-4.07970186009,-38.8912852643,-29.2762269986
-9.97311200417,-3.06956350949,-40.1491174687,-29.156619052
-10.0143435004,-3.0393753434,-40.2852473296,-30.4323115198
-9.76538230561,-2.56343635522,-39.9692141792,-31.0695564294
-8.7287792215,-1.51523737043,-40.1820406437,-31.4582170475
-9.58029148004,-1.77954501201,-41.0851062775,-31.488488261
-9.46724328702,-2.21542615082,-40.5389836901,-30.438010752
-9.57051325138,-1.79404551325,-42.0441014109,-30.0978214676
-9.14122354776,-2.47063628543,-41.6011559641,-28.7047876721
-8.93205545557,-4.22424635657,-41.765547957,-28.0694676427
-9.61662875864,-4.63454123954,-41.9627439488,-24.7529658529
-8.15467399483,-4.87519897389,-40.5092785226,-23.4262366753
-9.84940333084,-5.77224863387,-39.0284845777,-22.5281182452
-9.75096643792,-5.55916671271,-38.4516807851,-21.4554569414
-11.4386747703,-7.64599100289,-38.8755929218,-20.5016686862
-12.1247499416,-7.25101154662,-37.5079917637,-20.7392415363
-11.5055611857,-7.04910782417,-35.9435010644,-20.9954379175
-10.3299743712,-7.43745506075,-36.4988256364,-21.3769357634
-12.1766906967,-6.94163025919,-36.7622758987,-20.6580747769
-11.3559891301,-6.99897618256,-36.9811445146,-20.9541112131
-11.7753264871,-7.34920703282,-36.8880831245,-20.2284070024
-14.3381641891,-7.68050456368,-38.5245436332,-20.0470559629
-13.7178672011,-8.25332286553,-38.5210676882,-17.8741912025
-13.0328344478,-7.51658513992,-39.8166924868,-17.3377274417
-11.7134932013,-7.76069050133,-38.3574733156,-15.3191043198
-11.4342379261,-8.29626628831,-38.0926664913,-15.8757511693
-12.1141908179,-9.18635212668,-36.0501240284,-14.999032234
-11.2175767413,-8.06952389806,-35.3175981682,-13.995017715
-10.1068364566,-7.2448573732,-36.4794546983,-13.3245777509
-9.1971675818,-5.23079040537,-35.5313263842,-13.0461982108
-9.29817509992,-5.89740284642,-33.3522345894,-12.1830070916
-9.35826172562,-7.20926121396,-34.1270891556,-12.6652757007
-9.12125852215,-6.76907452512,-33.9368184288,-13.1470105005
-8.50007721306,-5.99247018462,-33.1554089717,-16.0883169006
-7.88452321869,-5.04365125811,-32.778566577,-16.4861128484
-7.60185189284,-5.07339077095,-31.7308177046,-16.6616560167
-8.89564503038,-5.0200167096,-31.7417770658,-17.4997759297
-9.16605029366,-4.20529433928,-31.5913358717,-17.4198108112
-8.8904625212,-3.13095237784,-33.2005174102,-16.7158553786
-8.82093838374,-4.15580095728,-33.9228203705,-18.1953575124
-9.11513982475,-3.45241079754,-32.7780430976,-17.5320712069
-10.0447843305,-4.24907482344,-33.3586546882,-16.1036592185
-8.90697965194,-4.95409843753,-34.779620245,-16.0082303105
-6.98095883519,-6.51556949353,-34.9944908223,-16.4840013495
-6.05093123701,-7.19878006825,-34.6476329418,-16.1480798137
-6.78420042476,-9.04261882523,-34.1871994452,-17.3241310211
-6.6541429071,-8.17526456529,-33.151191628,-17.1807990596
-5.77735573796,-8.31106797382,-34.2709170499,-16.5725885168
-6.67246269703,-8.40014854016,-35.3040411171,-16.6487262107
-6.5816764925,-10.2490048409,-34.6918982497,-17.4094407503
-6.10687684229,-9.55195396798,-33.8287856881,-16.9575839165
-6.06135528296,-8.76454678831,-33.7945208532,-16.8971912858
-5.64139045627,-9.54842946204,-33.5377999005,-15.5700995131
-5.74457432167,-7.12800525822,-31.7675129514,-15.266338739
-6.54525920212,-7.56769989015,-34.5951917241,-15.511901617
-7.64664923132,-6.32626592061,-32.8620117697,-14.6298185395
-10.6114072888,-7.23747593846,-32.5770516906,-14.537243233
-11.1755446376,-8.21372246814,-30.8495528496,-13.8199891524
-12.4666927129,-9.45293646639,-31.0410993178,-11.6401463265
-12.0526016299,-10.176619076,-29.8843057291,-13.2454284267
-10.7378607626,-9.18282246181,-30.6183421036,-13.2188298851
-11.4330268166,-7.764971188,-30.841990678,-12.1373498994
-11.3093813235,-7.41641788392,-31.5096272466,-12.2672783607
-8.85127185054,-7.68615534238,-32.3194039845,-12.0385690296
-6.44428765007,-7.51019938238,-32.3087820459,-11.2184167788
-5.32457544381,-8.83947286141,-32.4799029413,-10.3761102953
-4.0079497969,-7.67698760441,-32.5388763201,-12.3006865532
-4.56146259854,-7.75842522628,-32.1031947817,-11.4805236075
-3.461121567,-5.83723108549,-32.9389294007,-11.2375680354
-2.77754478606,-6.57068050436,-33.7740997586,-10.7409373717
-1.35775569836,-6.91514219565,-34.4915859823,-10.7679018914
-0.874896531619,-7.65038435265,-35.2316442792,-12.4398118739
-0.326739516677,-8.58999147973,-35.0105913226,-12.6231639601
1.04008611541,-8.74351874304,-34.831720083,-14.2906300716
0.582135010379,-9.08550136484,-35.3621311768,-14.7026937808
-1.0914472932,-10.7346574309,-34.9036288685,-14.5174178519
-0.78987705337,-10.6855917927,-35.9147212436,-16.3992138448
0.914925055603,-11.8296534469,-34.5785184243,-15.8745518882
-0.452266120262,-12.1041508305,-34.2115977167,-14.0877302509
-0.19184409608,-12.3850980168,-34.0523563564,-14.8980522309
-0.930863154368,-13.5726593075,-33.086075777,-15.2185627498
-0.487473483783,-14.207422034,-33.0401705248,-15.2837274543
-1.21381766413,-13.1734822852,-32.7063378299,-15.2578497886
-1.28885103855,-12.6021696681,-31.2989948279,-15.7191635786
-1.14211351846,-12.1929229828,-30.6309419089,-16.2393684961
-2.35845191367,-12.0737792268,-30.1113854175,-17.228572704
-3.18098674646,-10.9080056621,-29.4294540577,-17.3480203384
-2.05685415484,-10.2332692733,-30.8995789325,-19.5537789617
-2.14246905259,-10.5557306513,-31.4420477412,-18.5177655463
-2.46346038033,-11.2480237387,-31.1541019415,-18.9861226973
-1.64284824719,-11.7461943938,-31.4000186034,-18.7201780398
-2.04245884368,-12.0019084439,-31.2322300653,-19.0934549879
-1.43381726161,-12.9105318856,-31.967690674,-19.7457341277
-1.51209453831,-13.2198260062,-33.358914077,-20.8956506366
-2.14566663813,-13.1609957481,-34.1874923354,-22.4157342624
-1.55201298863,-12.0642587054,-34.8708655061,-21.4076115747
-2.33692610114,-11.2225195786,-35.8018246956,-22.6540692192
-1.43100472262,-11.318252261,-35.6255075685,-23.3490308028
-0.194780022043,-11.7589550987,-37.7276963215,-23.4195410807
1.23120628137,-11.6775436198,-37.7160989573,-23.9411403416
2.55423394498,-11.0130837117,-38.9873261667,-23.7652317626
1.91069977596,-11.9280952306,-39.2112868163,-22.5052349706
1.6566455474,-13.2210370285,-38.1623666067,-23.0217455487
2.1719064905,-12.6452748256,-36.504089281,-22.8309471095
0.256160935415,-11.3643513818,-36.064831422,-22.9922517529
-1.55070295526,-10.5507980047,-33.9702806486,-23.4309702784
-1.94422785284,-11.4343168741,-34.717389853,-22.462997182
-2.54798150614,-10.1032947942,-33.9034836571,-21.9779398682
-2.87412335965,-10.6261412948,-36.2031740371,-22.6137935539
-1.68477692367,-10.2898823548,-34.5082637198,-22.3247787308
-0.700219390864,-8.91968642665,-34.9344695821,-22.4696687228
-1.58933359809,-9.4701826486,-35.2145915498,-22.0487951705
-1.49065362236,-8.73090442455,-35.4464407926,-22.6223361143
0.734714407534,-9.57512499701,-36.117234922,-22.7976922576
0.177970814167,-9.45516532989,-35.224793262,-24.030936446
0.660490092316,-9.71687103271,-34.9252370822,-23.2861751296
0.366511675149,-8.90858724864,-36.1059408624,-24.2003798952
1.22353423608,-7.95479821046,-36.5547274185,-26.1923687332
0.987247124832,-6.68805150552,-37.4436369214,-26.2580250331
1.76941860687,-8.46046435039,-36.719429224,-25.7547647035
3.97322549161,-8.30632440204,-37.9430619725,-25.1721809081
3.70398167368,-7.55505870062,-38.0272991644,-23.6028471385
4.52563634011,-7.19564361961,-38.0205306806,-23.6708013494
3.76565156684,-5.60800052101,-39.4398739513,-23.0681681126
3.04195654392,-5.11023025631,-38.648374026,-22.7928908499
2.79858768129,-6.07642509603,-39.5608218548,-21.8644828404
1.45949977257,-5.55474039944,-40.2595623311,-21.6576927531
1.4100894861,-5.69230912828,-40.0995858225,-21.5763776066
2.95165937781,-5.42039130254,-40.6711037452,-21.2938281523
3.59680968903,-5.8797174695,-40.8634094647,-19.482219445
4.53101328119,-6.06085314518,-39.6742789764,-20.9874407852
5.13632267585,-5.09556370785,-39.9225624571,-22.0463709616
6.55054468198,-4.34799249675,-39.6103911072,-22.8489402144
5.00371308794,-4.59294314419,-40.9034244147,-22.6588945179
5.17814755713,-5.6211199884,-39.6454611694,-23.188164195
5.72333286092,-6.35440781255,-41.5942884911,-22.7389256022
6.19303504114,-4.74184668027,-42.1571202828,-23.110790267
5.98052123469,-4.73912829431,-40.2200954653,-24.6043124831
6.38771604338,-6.57566094466,-40.5076031064,-23.9133147374
6.00707905601,-5.67670979827,-38.7624250848,-24.4265545174
6.2755728802,-5.16993031154,-40.9935188195,-25.3526757029
5.89840646074,-4.21247156567,-42.0889332513,-25.1235839682
6.57390792894,-3.43505519983,-43.1245503231,-23.8566056463
6.14380680089,-3.28954622065,-43.1575556108,-23.0341472931
6.01294572506,-2.50003603459,-44.4223314824,-22.9924837326
5.82989135004,-2.69610146678,-44.6359131536,-24.0630342985
5.57710788055,-4.39521122292,-44.8008784163,-23.6061087216
5.7214875612,-4.34896984875,-46.8197489043,-22.5106101131
5.78449993994,-4.1502263169,-46.9655174771,-22.6893009525
7.26056839631,-3.78355500039,-46.183644992,-22.9717200205
6.94231982739,-3.62039766164,-45.7375933879,-23.4248779052
7.95018101787,-4.93251551882,-44.6181196628,-24.1436477979
7.31737180743,-5.07340944098,-45.8733247668,-23.3891055217
7.54506728085,-6.32574272152,-45.6904286485,-21.3193005861
8.55102156279,-7.44597523884,-44.1421499135,-22.1724051393
6.67742784929,-6.11936565471,-45.6454099428,-21.6960088464
7.64458821816,-5.02124784079,-46.8973484536,-20.0119541345
9.18937846004,-4.60130922593,-46.5451597902,-20.3127139291
8.62711995883,-3.75527650591,-47.1916834176,-20.5042648383
7.80320244495,-1.23596116146,-46.9471457377,-21.2012772419
8.30576347277,-3.21163138129,-47.2475450124,-21.0983429449
7.31508485955,-1.38045812442,-48.6393906406,-20.8018321674
6.31608784433,-1.82770217646,-48.1980793712,-22.4684105138
5.23578549244,-1.2611087068,-48.9046499336,-23.6297983793
6.43568246435,-0.543426507248,-48.7731215533,-24.0503664766
6.75095262928,-0.00898061408379,-49.7881758911,-22.8117428032
7.42148623152,1.29354002113,-49.4122115655,-22.654620326
6.62385263307,0.0410898277969,-48.6102501827,-21.4261983072
6.36213359631,0.481904957273,-50.0932296485,-23.9458026978
5.0404748154,0.533718404249,-51.0680710524,-23.8575898202
2.60709008347,0.628025232722,-50.4450683556,-23.9035172928
0.200887989986,-0.669378556869,-50.137050505,-24.1142259573
-1.45161383966,1.13043161706,-49.6142314241,-24.7041855431
-1.22554643411,1.29322723264,-49.8751907246,-24.7753850493
-0.96799576399,1.78439690413,-50.2624820599,-26.4806596858
-0.973773182492,1.62468294605,-50.5175376922,-25.1861226289
-1.64856318494,1.48273007521,-50.5716325422,-25.2448596172
-1.80707479973,1.16700224885,-50.7652592648,-24.6567330639
-2.31458478337,2.47147875291,-51.821353249,-23.9969236952
-3.71238547557,1.92862206786,-52.2597087752,-23.135044711
-4.82124229876,1.62985976121,-51.746364879,-23.0322141563
-5.68544601413,1.98135594492,-50.2876824489,-22.9154876566
-6.03757478495,2.78590218222,-51.2205155792,-23.2689173856
-5.10429351473,2.70987764087,-51.0993163893,-23.463545864
-4.93350308082,1.92961961172,-51.0764957416,-23.2016826409
-3.60936341615,2.40554070822,-50.4379658273,-23.7920899989
-2.45286647675,4.16757912472,-51.4661690566,-22.1357156785
-2.39916333721,3.85197822463,-52.477544687,-20.991304936
-0.694452945293,2.70292865871,-52.9370205825,-20.44777849
-2.02453416927,1.85733499267,-51.5831243917,-19.2128770227
-1.60365051881,3.14393757935,-51.1055939912,-18.8527750573
-1.75190041037,3.33218316061,-50.0615922926,-19.7138821416
-3.92506375028,3.97690595544,-50.6796703234,-20.646963734
-2.28526779768,2.54014817723,-52.5049240164,-20.6768168497
-2.12272558769,1.48080130458,-53.3479503516,-22.88061762
-1.72475677324,1.50172931966,-52.3625497192,-22.1151614131
-1.16912452558,-0.0642305464929,-52.7968765185,-21.6901237125
-2.76809051018,-0.778491807532,-54.104546728,-21.4515518677
-2.73436224808,-1.29070715405,-55.3186224203,-21.9155873139
-1.5159733741,-0.0189711379094,-55.7168506029,-23.9810568149
-1.34674631646,0.229909728371,-56.3225522347,-24.1756763041
-1.38848244574,2.12046137335,-58.2436771072,-23.4492442114
-1.74972018842,1.77875162969,-59.1835888226,-23.5485697352
-0.92802354321,0.874007897796,-61.2622975742,-22.6607701652
-3.07284398222,1.45677576567,-61.2081702475,-23.647919325
-2.60206690595,0.730143062548,-62.0354005866,-22.4781325494
-2.83799096165,0.583256194344,-61.8887261626,-24.4679641785
-1.24256647376,0.188075155171,-60.8119827982,-25.0501776912
-0.681899414627,0.431380306065,-61.05540831,-25.8679817561
-0.232944120002,1.45766271568,-59.6978756201,-26.5348368413
-0.364587889056,0.0607200183194,-60.1375172254,-26.1067980986
-0.268036136707,1.91974643057,-61.2994336177,-24.4155107065
-0.716850054738,2.4214435713,-61.4292415421,-23.4660672391
-0.753517914026,0.548256320916,-61.9295674537,-22.6758908132
-1.01564580907,1.10863886485,-62.6045642042,-22.1579296884
-1.29033929204,1.07218021603,-62.739960323,-20.8455304712
-0.0613393597519,-0.0241064899723,-61.868061336,-20.6781796895
-0.113717949092,0.404560739335,-61.8230725547,-20.3534468438
-0.45756857662,1.4483328224,-62.0305199316,-21.6754060689
0.249669369411,4.44018532138,-60.7636982967,-21.189528467
-0.0957451594476,4.34959632329,-62.121852094,-22.2886884006
-1.63167503136,2.16460971509,-62.4242030985,-21.2346695112
-3.5718632181,2.1526426815,-61.9671880397,-20.8978656155
-3.7162296218,1.89058208209,-62.9568180245,-20.2079173947
-3.03642784806,3.0613369764,-62.1180224997,-17.948408884
-4.67108364573,1.91227350182,-60.8057223639,-18.5570056057
-4.05672264403,1.65791704534,-62.1584752258,-18.070884034
-4.29431715535,2.82937491018,-60.7688420601,-18.9620377034
-3.25286149273,1.17676804107,-60.1811965931,-18.1624356493
-2.93389951976,-0.133586923421,-59.6920161778,-17.019060595
-3.88397151237,-0.519346461354,-60.6472573728,-16.6084356718
-4.95850762661,-1.13614191562,-60.7368150049,-19.1318526855
-4.08386505267,-1.77960871727,-59.762461655,-18.4534081241
-5.28645118456,-2.13795121504,-58.9282030027,-19.8924612159
-4.68346561052,-2.07290253836,-60.0294369424,-19.8721953489
-4.67737390537,-1.17196019987,-59.5431781332,-18.5659238237
-5.49686074423,-0.282837868086,-59.7791628221,-19.7242890118
-6.07994165121,-1.63585535582,-60.2429753425,-21.1242620738
-5.04660384467,-2.66984025355,-61.4198247325,-20.1917436859
-5.62093862073,-3.89563683392,-61.7974063305,-19.7546270957
-5.00536686755,-2.10011439776,-61.5578548223,-19.5109089368
-3.90430856669,-1.38598780518,-62.7018473925,-19.6186602787
-2.09998676447,0.433399472324,-62.7103934105,-19.779997167
-3.75139300157,2.44018484056,-61.1733280867,-19.5373733709
-3.01074596933,3.81203986469,-61.3920521488,-19.9507224422
-2.13644472397,4.36978647932,-61.1205349073,-18.3799705024
-4.76679791215,5.58767158892,-62.7988922204,-16.0722079611
-5.20223272315,5.66481835722,-62.1873027425,-18.1775327974
-5.61014177316,4.12610593326,-62.1883026246,-19.4404880445
-5.88919229364,5.26450784092,-63.3879684745,-19.2406131853
-4.47582830678,3.79849114892,-63.592654154,-17.5555241122
-2.74357651998,3.12364971255,-64.2907034102,-17.6755559016
-3.5620483026,2.57207327425,-64.3957098928,-15.8684221843
-5.51387434772,1.46888354698,-63.6212350273,-13.4959882112
-5.42100964079,1.44236105692,-64.1438454162,-15.7756538785
-5.51340864713,1.32931478736,-65.2389953579,-14.9323931296
-6.00468056088,3.01731037133,-65.8653290408,-14.9694225419
-5.73671731169,6.32010719608,-64.6718774141,-15.6892481423
-6.64238590653,5.76019110241,-65.9068807043,-15.6604870237
-5.53560698543,6.05144731336,-65.2023894126,-16.4971279484
-6.84070669226,6.08122034698,-64.1386532202,-15.6722304616
-5.4186994289,7.09673572219,-64.7713531037,-14.3589955739
-4.77756087487,7.06468791329,-65.909776188,-13.7416963771
-3.39555209212,7.12277312886,-67.0746889959,-12.4453888869
-5.44432863107,8.47215400189,-67.0765969508,-11.3327199549
-5.98556323166,8.65985390037,-67.4033361114,-10.8289753867
-4.79823047401,6.02049702743,-67.9356053481,-10.0050674124
-4.26316956112,7.37232435963,-68.6818035424,-8.30637019939
-4.49411020387,7.78953273823,-69.5756290362,-8.24629075206
-4.13635706766,8.32216378904,-68.4163305541,-7.96901155619
-5.55888347961,6.04695872601,-69.2753354688,-8.47800308032
-3.90300653653,5.46398702805,-69.4293510939,-8.30183937806
-3.01988346563,6.30872722354,-69.0794625306,-7.96329844231
-2.29174499094,5.05734406462,-67.8839177875,-9.76907680266
-3.4315649419,2.94709355472,-68.7493204741,-8.72146560164
-2.77185815646,2.73851093342,-69.7104918254,-8.71049588051
-3.28314968602,3.15045762833,-70.5979413596,-8.59239922714
-3.64502472317,4.4467120122,-71.7981221227,-10.3843484856
-2.64335215005,4.66122319949,-71.0722488702,-10.8012139025
-2.53200710009,5.97942305979,-70.6979952244,-11.9120833229
-4.57996270023,7.281215867,-70.0922020978,-11.1652002183
-4.47865888673,8.54077027239,-69.9349105572,-10.769969787
-2.95793298717,7.80918717996,-71.8407265272,-10.3327184247
-3.27504864575,9.29191810255,-70.8395735498,-10.9416373244
-3.16117601248,9.0893794836,-71.4649488172,-11.5584633083
-4.1214880217,6.93467117493,-70.6329772237,-9.36978924791
-4.15240848432,6.09911579536,-69.9710947358,-9.61459667314
-5.48300194943,6.89056626905,-70.0438642373,-9.90815324735
-6.46356507557,7.24051308927,-71.7008532001,-10.1973460622
-5.02621884331,7.0735879362,-71.9773971225,-9.74516999016
-3.86352066499,8.84260118437,-72.2516349121,-10.1204529058
-3.14627675838,8.47959314261,-72.476052548,-9.56542849287
-3.16794645222,7.84659877225,-72.1848786903,-8.17831585897
-1.54029517756,8.08994776189,-73.1656949808,-8.35543538926
-2.44596933667,7.81490528563,-74.9684863963,-9.4619633197
-1.56529573971,6.41042454829,-75.0975275095,-9.31238088701
-2.2560113242,6.22960114478,-73.0306877275,-11.3544042751
-2.52211498343,6.70897608317,-72.1044986941,-10.6940699854
-3.24814252148,7.89734857891,-72.0951040566,-11.0291576016
-3.41563742092,7.76343527313,-70.6520828055,-12.3986084211
-2.81206208487,6.04886956623,-72.1113840335,-13.31880102
-1.45440073918,4.93438617053,-73.712963734,-13.6802783924
-0.736594568766,5.18669470277,-74.9677152067,-13.1450946522
-1.39058618815,4.39846447222,-75.3290855428,-12.2599188917
0.147165716228,5.35548504365,-76.3714453072,-12.6505132164
-0.720791052392,6.1684314323,-76.6562204626,-12.6325983239
0.101156255535,5.87867521813,-75.5545942624,-12.348809741
0.753876508934,8.18023542036,-74.8567355321,-10.6537490209
1.8234520383,6.82835135853,-75.8573420545,-10.0793783871
0.892453805469,6.87657899955,-78.0037163576,-9.943460094
-0.392335096612,5.06008963396,-78.0989707306,-9.31479628113
-0.771214448334,4.27087828614,-79.1776398532,-8.28634548903
-0.388461063066,4.57257136843,-77.5264036503,-7.8019086795
0.889342593754,4.22577262054,-76.9775594543,-8.74171501565
0.226361924452,5.40122849104,-76.0726590805,-8.38170492027
-1.1099841737,5.71147004079,-73.439395033,-9.00569357311
-0.174369890571,6.02166225234,-72.5462927906,-8.83008625128
0.320030545576,8.64299062454,-72.6813324407,-7.53380334895
0.62477473336,8.69161745469,-74.2520118858,-8.01323768476
1.07269511583,8.47583306252,-74.7061799724,-7.06701025922
-0.638264986987,8.26378190012,-73.8639905955,-7.92564397237
0.393619269273,6.89093144591,-73.4292813178,-9.28392512942
-0.185152055593,7.28319045778,-72.1868290202,-9.64764453614
0.513183630843,7.90049301299,-71.6306094477,-11.5036528458
-1.47436928993,9.48923875302,-73.4051648481,-10.5101092632
-1.14942110714,10.5546474117,-75.0480793942,-11.0642326953
-1.41458614949,11.8033467787,-74.6119164384,-10.2635616438
-1.42697159605,12.2299891314,-74.2992843084,-9.56483205659
0.281599757293,11.5520507775,-74.0292386274,-9.08208580432
0.100052353756,10.2600113873,-73.7937163673,-9.59227944711
-0.398529656627,10.9617414714,-73.2545942157,-9.73471052634
